PARG	0
RP11-513I15.6	0
TTTY14	0
SEPTIN7P4	0
SEPTIN7P5	21433
LINC00680	0
ALG1L6P	0
LSM12	1666
RP11-403B2.7	316550
LINC00683	0
CTD-2311B13.5	257359
ST3GAL4	0
LINC00957	0
CTD-2026D20.2	0
DHRS4-AS1	0
SEPTIN7P9	0
UPF3A	431
OR4K11P	0
AC011330.5	43179
OR4G11P	11535
CCZ1	16196
SSX2B	59620
KIR2DS4	0
CFC1	52471
RBL2	0
DUX4	15604
CH17-342O10.1	74050
RP1-69D17.4	0
CYTOR	151918
AL590762.10	3183
UBA6-AS1	0
CH17-342O10.3	74050
SNX1	1254
CNOT6LP1	0
CTD-2026G22.1	0
BX255923.3	119952
OCLNP1	187561
GS1-53I10.1	720
ANKRD30A	22935
ALG1L11P	61538
ANKRD30B	5600
RP11-561O23.5	102386
CTD-2288F12.1	0
RP11-415I12.2	0
RN7SL377P	0
WI2-1896O14.1	187571
SNX6	7202
RP11-415I12.3	0
SMYD3	0
HPSE2	3698
CEACAM6	0
OR4C9P	0
SPACA5B	7802
SSX6P	0
ZNF254	0
RP11-574K11.29	0
RP5-855D21.1	0
ENSG00000275493	118999
RP11-292B8.2	214130
RASA4CP	0
CDRT15P1	0
STRC	58757
RP5-855D21.3	0
CDRT15P2	0
OR11K1P	381993
CDK11A	0
EPHB1	1500
ZNF217	0
CDRT15L2	0
CDK11B	0
GCNA	0
FAM156A	38343
ZRANB3	0
FAM156B	38209
AC111200.2	0
LINC01955	46106
WASHC1	1464
RP11-289I10.2	47866
TRIM53BP	96491
C4A	25688
MUC20	562
RRP7A	0
RIMBP3	140725
TBC1D3P3	76696
IGHV2-26	0
RP11-597A11.4	109687
SLC2A14	0
SPATA31D1	0
C4B	32605
IGKV1-12	0
TBC1D3P4	23373
M6PR	2165
RP11-96C23.13	0
IGKV1-13	0
RNU2-57P	0
TLK2P1	0
RP11-597A11.6	109687
RP11-972L6.2	0
RP11-96C23.14	0
SPATA31D3	14645
MIR675	97352
SPATA31D4	29213
ARHGEF35-AS1	197066
TCP10L2	0
DPPA3P1	32703
CCDC144CP	288
RP11-231C18.3	0
SDHAP1	0
IGKV1-16	0
TCP10L3	0
NCF1B	114811
GSTT2B	13053
RP11-293B20.2	33923
DPPA3P2	0
NAMPTP1	0
RP11-499E14.1	0
SDHAP2	0
IGKV1-17	0
NCF1C	69230
SDHAP3	0
KLHL2P1	973
RNU2-26P	0
MAGEH1	26612
CPP	0
FER	0
MAPK8IP1	0
IFT122	0
MAGED4	36406
KRTAP10-4	0
LINC02141	0
LINC02415	0
RP11-631M6.2	1259
H2BC19P	26033
CTB-129P6.4	0
CYP4Z1	8108
RP3-469D22.1	0
KRTAP10-6	0
LSAMP	1693
ANKRD30BP1	0
ANKRD30BP2	6971
XG	0
ZNF29P	0
RP11-326G21.1	187571
RP11-496H1.1	0
NBDY	13302
RNF216	0
KATNAL2	19249
PRH1-PRR4	0
LINC02109	0
SMAP1	0
MIR4435-1	151918
EIF3C	71267
Z84812.4	0
MIR4435-2	151833
RPS8P10	381993
ROPN1B	0
YY2	0
KRTAP9-2	0
RP11-989E6.3	67273
CA5AP1	0
MIR4509-1	0
DTX2P1-UPK3BP1-PMS2P11	2326
TNXA	32605
OTOAP1	35596
MIR4509-2	23963
TNXB	2289
MIR4509-3	192784
FAM225A	6438
ZDHHC11	1935
RP11-271K11.5	0
FAM225B	6438
RP11-271K11.6	5753
PWWP4	36184
HP	0
RP11-989E6.8	53112
FRG2B	10125
KRTAP9-8	0
RP11-14N9.2	0
FAM95C	0
AC011298.2	0
FRG2C	0
CAPN12	0
ZNF286A	481
CAPN13	0
USP12PX	0
KCNE1B	88158
ZNF286B	1440
RP11-1348G14.4	35349
FAM25BP	0
USP12PY	0
RNU6-816P	132171
MCF2	0
TGIF2LX	0
IFITM1	1672
TGIF2LY	0
RIPOR3	0
TASP1	0
KCTD5	5437
MEF2C-AS1	5855
NBEAL1	0
DHX40P1	27198
IFITM3	0
PI4KAP1	140725
MZT2A	0
KCTD7	0
FRG2	10140
PI4KAP2	97299
MZT2B	0
SBDS	0
RP11-87H9.5	0
BAK1	1357
CSPG4P5	0
AIDA	1831
RP11-457I16.2	89319
RP11-719K4.3	18605
RP11-756A22.7	0
RALYL	0
EOLA1	20288
RP11-457I16.4	89319
KIAA1143P1	0
DDX12P	14289
EOLA2	20300
RP11-744A16.4	48173
RP11-719K4.6	18605
OR4M2B	24010
LRRC37A2	67439
RP11-719K4.7	91118
STAG3L5P-PVRIG2P-PILRB	0
LRRC37A3	40978
BMS1P17	78146
DHX40	27222
USP32P1	0
MIR550B1	0
NUFIP1P1	0
RNU4-87P	0
AP001631.10	149479
USP32P2	634
MIR550B2	0
GNGT1	5700
SLC4A10	399
USP32P3	0
MLIP	0
RTN4R	0
MIR3156-2	0
MIR3156-3	0
OR4H6BP	187575
GTF2I	142242
IGKV3-11	0
CICP10	654
CCNB3	0
DCLRE1CP1	0
RN7SKP131	140725
AC013269.3	104076
PPP1R12BP1	215473
RORA	298
DNM1P30	50120
RP11-1236K1.8	0
AJ271736.10	0
IL9R	0
DNM1P31	255319
AC003099.2	0
IGKV3-15	0
CTD-2189E23.1	0
DNM1P32	255319
TPTE2	0
CTB-95B16.1	0
IGKV2D-24	0
LANCL3	0
AC004702.2	288
DNM1P33	0
FLACC1	0
CYP4Z2P	8208
RP11-666O2.4	4479
DNM1P34	0
RCN1	0
IGKV2D-26	0
RP11-517H2.9	0
RPS6KA2	0
CTD-2012J19.2	0
RP11-666O2.5	4479
CTD-2012J19.3	0
RP11-666O2.6	4535
IGKV2D-28	38909
NCF1	141734
RP11-255B23.1	0
RP11-666O2.7	9014
IGKV2D-29	38909
IGLVIV-53	0
ZNF680	0
RP11-101E5.7	87167
NBPF25P	35880
RP13-210D15.1	42270
TERB2	0
PPFIBP1	0
RP11-188C12.3	2285
PPFIA1	0
UQCRFS1	1014
CD177P1	0
CTD-2589H19.7	0
SLC9C1	2631
ANKRD20A9P	0
FOXO3	1437
ANKRD20A5P	0
RP11-260A9.1	0
OR7E140P	0
FSD1L	1326
DTX2P1	0
DENND5B-AS1	3338
XX-2136C111.4	10125
FCGR2A	0
GPHN	0
UGT2B15	0
RPL23AP7	0
FCGR2B	14849
CH17-258A22.4	59219
CRLF3	0
SKAP2	0
MIGA1	1188
DPP6	0
RP11-143M1.3	0
FCGR2C	14819
RP11-106J23.1	0
UGT2B17	0
AC093166.4	0
CTD-2116N17.1	2700
RP11-143M1.8	0
RP11-479O9.3	0
AMY1A	46678
RP11-160E2.16	48173
RP11-341D18.5	0
RP11-479O9.4	58225
AMY1B	29927
RP11-160E2.17	163730
AMY1C	46883
SLC25A51	0
SLC25A52	0
RP11-1166P10.1	0
IGHV1-69	0
ANAPC1P1	3260
RP11-17M24.3	0
RP11-160E2.19	163730
CH17-322D16.1	0
ANAPC1P2	232828
RP13-485J5.1	3600
RP11-498P14.3	4338
DEFB130A	39023
CD8B	0
FAM133B	1316
LILRA6	0
SORD	3018
TAGLN	0
CTD-2331C18.5	43417
ANAPC1P4	105196
DEFB130B	38962
MBD3L2B	15567
RP11-812E19.3	52959
DEFB130C	0
LINC01492	0
RP11-498P14.5	0
ANAPC1P5	73404
CROCC	67105
TRAPPC10	72331
PIEZO2	0
FAM106A	1268
RP11-1166P10.6	76850
ANAPC1P6	0
DEFB107A	142258
DEFB130D	0
RP11-407H12.8	35809
RP11-812E19.5	28735
RP11-738O11.9	0
DEFB107B	151332
DEFB103A	142258
FAM106C	0
RP11-1166P10.8	76850
RNU2-38P	383464
DEFB103B	111828
PSMD14	1717
POLR2J	0
ABHD17AP1	1020
AC007562.1	152707
NORAD	0
KRT16P1	88356
RP11-812E19.7	86748
CDK14	0
FOXO3B	1440
KRT16P2	0
TMLHE	34132
KRT16P3	76696
RP11-92B11.3	0
POLR2M	0
NRBF2	0
APOBEC3B-AS1	0
KRT16P4	88356
VIPR2	0
KRT16P5	76696
COMMD4P1	0
RP11-536C10.4	116791
RPL35AP23	0
ENPP3	17743
RNU2-1	6031
TVP23B	0
KRT16P6	0
SLC7A5P1	0
BOLA2	31367
COMMD4P2	38529
RPL35AP24	0
LINC01145	77110
RP11-640F22.1	2030
TVP23C	0
SLC7A5P2	0
RP11-1223D19.1	47986
CTD-2544M6.1	0
TOB2	0
RASA3	4630
RP11-1223D19.3	116560
CTB-60B18.6	0
U91319.1	0
RP11-244H18.1	121430
RASA4	106848
ENSG00000279413	0
MPP5	0
BMPR1A	0
AC016745.3	2969
LINC02228	0
RP11-495K9.2	0
PCMT1	395
FAM3C2P	2041
POM121L9P	0
ANKFN1	0
LRRC37A17P	14146
HBAP1	0
MALLP1	68574
RPL10	10788
LERFS	5128
SRGAP2-AS1	81633
H2BW3P	32672
MBD3L2	15398
RP11-495K9.6	0
C11orf58	0
PRAMEF10	78556
RP11-33H15.1	36406
USP41	0
MBD3L3	7328
IGHA1	0
TRIM64DP	54683
PRIM2	1496
PRAMEF11	0
SLC6A16	0
MBD3L4	15398
IGHA2	0
RP11-143H17.1	1041
MBD3L5	15567
CH17-335B8.4	91164
FAM90A25P	10415
PRAMEF13	33459
WBP1	0
ACKR4	1826
PRAMEF14	0
CCT6P1	0
PRAMEF15	0
SIK1B	90818
CYP2C9	0
NAIPP1	155218
RP11-1101H11.1	0
RP11-38O23.3	0
DDTL	26083
AP000648.3	96491
CCT6P3	0
PRAMEF17	0
NAIPP2	122871
RP11-146E13.4	257359
NAIPP3	124611
AC005588.2	0
BAK1P1	0
RP11-798G7.6	22402
RP11-483E23.2	54297
NAIPP4	187561
CENPVL1	24865
AP000351.3	13030
PLCG1-AS1	0
RP11-798G7.7	22402
FAM72A	82761
CENPVL2	24848
PUDP	0
AP000351.4	13030
ENSG10010137876.1	121434
RP11-798G7.8	22402
CTD-2144E22.11	74098
FAM72B	89048
APLF	0
CENPVL3	0
XXbac-B33L19.15	140725
FAM72C	152973
PRAMEF35P	0
EVPLL	23373
ALOX15P1	0
LYPLA1P3	0
FAM72D	134510
PRAMEF31P	38688
RP11-680G24.4	0
PCGF6	0
TCAF1	23609
TUBA3D	0
KRTAP4-7	0
ABC13-47656900H15.1	0
RP11-983P16.4	0
RN7SKP88	383464
TCAF2	76079
PCAT1	0
TUBA3E	0
RP11-680G24.6	0
THSD4	1685
ANAPC1	122364
KRTAP4-9	0
MRPL51P2	149479
CRYAA2	135768
RFPL2	0
RN7SL842P	0
LINGO2	0
MIR514A1	0
RFPL3	0
RP11-503P21.4	0
AKTIP	0
SRGAP2B	238227
MIR514A2	1799
SRGAP2C	220480
RABGEF1	0
FMO1	0
MIR514A3	1801
RP11-40F8.2	2041
PRKX	0
OR4N4C	24010
SRGAP2D	152973
PRKY	0
PLAGL2	0
RBMS3	0
UQCRFS1P1	1013
RP11-443N24.2	0
ST8SIA1	13280
RP11-298A10.3	48776
NBPF1	23270
FMO4	0
ARHGEF4	6698
NIPBL	0
BAGE2	0
ARHGEF5	120863
NBPF3	0
GUSBP11	0
EFCAB11	0
RP11-24B13.2	283187
NBPF4	87908
RP5-832C2.8	0
POMZP3	0
EFCAB13	0
TDGP1	0
WDR70	0
NBPF6	87866
IKBKG	35445
FAM9A	0
ADAM21P1	0
OR4Q1P	381993
NBPF8	0
SLC29A4P1	47341
SRP9P1	0
LINC00842	91164
RP11-438F14.3	35738
NBPF9	0
SLC29A4P2	158580
LCLAT1	0
BTNL3	270
ITPR2	0
MRPL23	97352
RNU4-33P	0
RNU6-267P	104371
PMS2P12	0
MIR1972-1	0
PYROXD1	0
RP11-163E9.2	0
ALOX15	0
MIR1972-2	0
SLX1A-SULT1A3	31358
HSFX1	29139
BTNL8	270
HSFX2	29129
ITGB1P1	1048
SKP1P3	58080
ABBA01000934.1	1214
CYP4F26P	0
HSFX3	20288
PTPN20CP	286750
SVIL2P	0
LINC00535	2550
HSFX4	20300
CTB-167G5.7	0
NSF	148310
AC091132.1	0
OR4H12P	0
TYR	0
RP11-728K20.1	0
RP11-316F12.1	0
DHFRP1	2940
RP11-728K20.2	0
RP11-316F12.2	0
RP5-965K10.3	158580
OR4H6P	381993
LINC00539	0
RP11-728K20.3	0
IL1RAPL1	0
ZNF765	0
SUZ12P1	0
ZNF492	0
H19	97352
CRMP1	991
ZNF451	0
TTLL2	0
RP11-32I2.2	0
RGMA	0
NRBF2P3	0
CEP170	0
RGPD1	131160
OR2A1-AS1	120863
OR11K1BP	187575
RGPD2	105196
RGPD3	47015
GHc-1077H7.2	140613
SLC6A10P	67273
ZNF140	0
CTSV	0
IGKV1D-12	0
PHBP15	141734
RGPD4	73803
TTN-AS1	10378
ZNF182	0
ZNF415	1091
IGKV1D-13	0
ZNF705B	0
RGPD5	252501
KRTAP10-10	0
RN7SL627P	0
CLEC18A	27297
RGPD6	252410
ZNF417	0
CLEC18B	0
HMGB1P5	0
EDA	0
ENSG10010135890.1	88158
CLEC18C	27843
HMGB1P6	1685
TYW1	0
RGPD8	0
IGKV1D-16	0
C4B-AS1	32605
OR2T27	0
IGKV1D-17	0
ZNF705G	0
LINC01881	654
OR2T29	35738
PRR23D1	39504
S100A11P1	0
LYG1	0
CSHL1	0
MUC20-OT1	562
PRR23D2	142258
S100A11P2	0
SV2C	0
RP11-480A16.2	0
RP11-163O19.1	0
SVIL-AS1	0
SPAG16	1299
RP11-480A16.3	0
THAP12	0
FAM86HP	0
FAM86DP	0
GS1-124K5.2	0
PLEKHM1	0
S100A11P8	51721
RP11-89K11.1	0
NUTM2B-AS1	15166
RP11-572C15.3	0
ZC3H6	0
GK4P	0
S100A11P9	0
LINC02693	0
ATP6V1D	0
RP11-326C3.7	1672
POTEF-AS1	65060
LINC01535	0
RP11-654A16.3	0
SLCO1B1	0
AC004878.2	99474
NSUN5	0
RP11-974F13.3	218785
DNMT3L-AS1	52663
ROCK1P1	0
RP11-361C13.1	125000
OR7E90P	0
TMLHE-AS1	50002
MAGED4B	36406
STK11	0
CTD-3092A11.1	237151
RP11-424C20.2	1498
NSUN7	0
LINC02615	0
SBDSP1	0
RP11-1026M7.2	0
RP11-863P13.4	0
SORD2P	3017
EIF4A1P2	0
HBA1	0
PPIP5K1	42993
RP11-671J11.4	7202
HMGB1	0
GRAPLDR	163730
RP11-863P13.6	0
HBA2	0
RP11-671J11.5	7190
RP5-905H7.10	75377
AC004878.8	99474
LIN28B	0
RP5-905H7.11	75377
PMS2	59733
BCR	0
RP11-671J11.7	7190
AC009238.6	0
CDC40	1031
LINC02307	0
RP11-460N20.4	0
RP11-756P10.3	2736
THOC3-AS1	107583
CYP2A13	0
RP11-88I18.2	0
RN7SL462P	186843
STK19	25688
KLHL2	1416
GON4L	1501
LINC02076	111729
OR2A1	120863
ZNF890P	0
PLEKHM1P1	0
RP11-598D12.1	52959
RP11-756P10.6	2736
SDHA	0
RP4-669P10.20	2769
RP11-434D2.11	76696
ANKRD11	1036
PDPK2P	32753
XGY1	0
MSTO1	1501
OR2A4	17743
RP11-434D2.13	43962
RP11-598D12.4	52959
SDHD	0
RP11-1082I11.2	113033
RP11-122C21.1	4050
RP11-548H18.2	0
SRRM1	0
PPIEL	0
RP11-434D2.14	0
RP5-1182A14.7	66131
RP11-385E5.5	0
OXCT2P1	0
SAMD12	0
RP5-1182A14.8	0
CYP21A1P	58293
OR2A7	120863
RP11-206L10.17	0
RSPH10B	75929
RP11-181C21.4	1188
BRD9	0
RP11-556N21.1	0
PARP4P2	0
TEX28P1	90350
TPTE	0
RNU6-467P	0
PGM5	0
ALG1L2	0
TEX28P2	90350
PGA3	43417
IKBKGP1	35459
KCNMB3P1	0
PGA4	43417
GTF2H2	187561
INO80B-WBP1	0
FBXW10	0
PGA5	43417
EIF3CL	75754
RP11-69M1.9	0
TCEA1	1559
AC024560.3	0
RP1-5O6.4	0
AC026150.6	237151
H3P4	18845
PAK2	757
AC004980.7	0
SRP68P1	0
STEAP1B	1894
SRP68P2	0
RP11-213G2.1	0
RP13-580B18.4	12300
AC004980.9	0
RP11-220H4.2	105703
LRRC69	0
SRP68P3	0
UPF3AP1	296
RNU6-405P	0
PRDM7	0
PDXDC2P-NPIPB14P	445
STRCP1	58910
RP11-213G2.2	0
UPF3AP2	0
RP11-468E2.12	0
BCO2	0
RP11-213G2.3	1443
DMGDH	0
AC072061.2	1830
CTC-551A13.1	0
TMEM191A	0
ANKRD20A11P	0
TPPP	6471
AC068134.8	0
ENSG10010135847.1	108992
TMEM191B	140725
SEMA6D	307
IL9RP1	0
RP11-613M10.9	0
TMEM191C	27720
GOLGA2P7	74786
IL9RP3	0
KIAA2013	0
IL9RP4	0
BCAR1P1	42098
DIS3L2P1	0
BCAR1P2	42058
ADAM3A	2923
DMRTC1	119291
RP11-277P12.6	2236
RP11-726G1.2	0
RP11-141C7.3	0
TRIM73	78792
TRIM74	57942
RHOXF2B	48700
GS1-21A4.2	0
ALG10B	0
TRIM77	0
RP11-645C24.5	10358
OPN1MW2	90350
LGALS9B	43962
RNU6-1268P	121430
METTL15	1050
RASGRF2	0
OPN1MW3	53830
CH17-420I24.1	0
LGALS9C	88356
OR11H12	116791
AC004967.7	0
GOLGA8VP	0
KRT81	2760
CCDC73	0
RP11-575L7.2	2294
TPST1	389
TPST2	0
HSPA6	0
TPRX2P	0
RP11-575L7.4	0
HSPA7	0
TRIM43CP	0
RP11-529F4.1	0
TOP3B	3998
SLC25A24P2	87866
MTX1P1	0
GTF2IRD2	141734
EIF4A1P10	0
LRRC37BP1	5761
TPSD1	0
C2orf92	0
LINC00654	0
KIR2DP1	0
PDPR	0
KRT86	5550
RP11-568A7.1	0
KIR2DL1	0
CSPG4P10	16471
MUC5B-AS1	0
RP11-36D19.9	0
CSPG4P11	74786
CYP4F30P	51156
PRNCR1	0
KIR2DL3	0
CSPG4P12	59120
CSPG4P13	0
DNMBP	0
BMS1P4-AGAP5	0
ZCWPW2	5144
CD24P4	0
TWF1P1	0
ADCY4	0
RP11-673E1.1	3148
RP11-673D15.7	0
AC006019.3	0
SIGLEC11	0
AC006019.4	0
RP11-673E1.3	0
OPN1LW	94533
STAT5A	0
RBM7	0
CYP4A11	0
STAT5B	0
ZNF806	0
RP11-673E1.5	0
OR1X5P	107519
ALG1L12P	34654
RFPL1S	0
SIGLEC14	1308
OR1X1P	107583
CTD-2083E4.4	0
IGHV1OR15-1	381993
RP11-268P4.5	13280
SIGLEC16	0
CTC-281F24.1	0
CTD-2083E4.6	0
MMP23A	0
IGHV1OR15-3	381993
NAALADL2	0
MMP23B	0
IGHV1OR15-4	381993
UBTFL1	41256
RP11-1180F24.1	0
UBTFL2	8553
RP11-166O4.6	5851
RHCE	6628
SERPINB11	0
RNU6ATAC25P	80100
OTOA	35621
RASA4DP	71566
DCUN1D1	0
BMP8A	0
UBTFL3	65536
UBAP1	0
KLF2P1	0
RP11-395A13.2	0
RP11-1180F24.3	0
RN7SL343P	283187
BMP8B	0
KLF2P2	51075
PRPSAP2	0
DCUN1D3	1067
IGHV2-70	0
OR11K2P	0
RP11-342M3.2	1471
UBTFL5	65564
RP11-421E17.4	77815
KLF2P3	51156
SLX1B-SULT1A4	31367
ZNF268	0
CLCNKA	0
UBTFL6	0
KLF2P4	0
LINC01961	0
AL078471.5	0
CDC37P1	39253
UBTFL7	0
FAM157A	16657
CLCNKB	0
OTUD4	0
CDC37P2	75754
FAM157B	14067
FAM153A	6042
RPL36AP47	0
FAM157C	14076
RP11-602M11.4	51863
FAM153B	0
U2	82239
PWP2	72331
PDE3A	1498
TRIM53CP	0
RHOQ	0
ZNF433-AS1	0
AC008088.4	76696
RP11-365P13.6	664
CH507-9B2.1	156246
MFAP2	1348
RP11-577H5.1	0
RNU6-1049P	65060
CH507-9B2.2	156246
CENPBD1P1	7974
RRAS2	0
KIR3DL1	0
RP11-710M11.1	0
U8	729621
LINC01340	0
CH507-9B2.4	156246
KIR3DL2	0
CHRFAM7A	252718
RAB6C-AS1	0
KB-2007G4.1	149479
CH507-9B2.5	156246
IGKV1-27	0
RP11-577H5.5	71566
RP11-476I15.6	0
CEL	0
AC114755.5	0
RP11-577H5.6	309
RBAK	0
LINC01659	0
ZNF587B	0
RP11-485F13.1	2550
RPL31P1	103702
CXADR	0
CH507-9B2.8	156246
PDPR2P	0
RBM7P1	0
RP11-206L10.8	0
CCDC121	0
CH507-9B2.9	156246
RP11-154D6.1	0
SNORA22C	0
UBQLN4	0
MAGEA2	47075
OR11H1	222872
LINC02465	0
MAGEA3	47130
DENND10P1	1514
UBE2Q2P1	0
OR11H2	109687
RP11-672F9.1	0
FAM205BP	0
SATB1-AS1	0
RP5-828H9.1	0
UBE2Q2P2	0
OR7E125P	99836
RP11-163O19.10	0
SYNPO2L-AS1	0
RP1-283E3.4	0
MAGEA6	47075
PCMTD2	0
CCDC74A	0
CCDC127	0
MIR6862-1	75754
TNKS2	0
CCDC74B	0
MIR6862-2	39253
RP11-313I2.10	54683
LINC02197	2548
RP11-466P24.6	0
MAGEA9	29139
RP11-313I2.11	8553
RP1-283E3.8	0
AC027612.4	0
TRIM43B	65564
PKD1	0
RP11-163O19.16	0
DMBT1	17269
RP11-290L7.3	59408
RABL2A	0
RABL2B	0
IGHV3-30	0
EIF4B	0
RP11-290L7.5	59408
ANO10	0
C1QTNF3-AMACR	0
ELF2	0
RP11-556O5.7	65011
DIAPH2-AS1	0
CNTNAP3B	283187
IGHV3-74	0
IGHV3-33	0
PHC1	2165
C9orf129	0
CNTNAP3C	186843
RP11-61L23.2	104371
FRGCA	149479
NELL1	0
RALGAPA1	1330
RP11-506F3.1	252501
Y_RNA	458760
IGKV6-21	0
FAM226B	119256
EFL1	0
IGKV2-24	0
IDSP1	0
NXF2	140613
RNU6-848P	51555
RWDD4	1830
CD8B2	0
RP11-578F21.9	0
RP11-274J2.1	0
IGKV2-26	0
ADAMTS3	0
NBPF10	183965
NXF4	0
RNA5SP437	0
TRIM16L	311
NBPF11	11820
NXF5	3693
IGKV2-28	38899
RP11-71E19.6	394
NBPF12	9642
IGKV2-29	38899
GUSBP1	0
RP11-815I9.3	0
ADAMTS7	0
NBPF14	383464
PRAMEF28P	33547
NBPF15	9300
RP3-410C9.2	0
RP11-815I9.5	0
RP11-707M1.1	1581
AC107982.4	0
RP11-815I9.7	0
PCOTH	0
TNIK	1537
FAM30A	0
NBPF19	49050
GUSBP7	6150
FAM30B	46335
RP11-404J24.1	65564
KCNS3	1350
GUSBP8	900
CYP2B7P	0
FAM30C	316550
ARL4A	0
MAD1L1	0
BMS1P22	132171
RP11-403F21.4	0
RP11-8L2.1	0
PPM1F-AS1	3998
SYNPO2L	0
GYPA	0
IGHV3OR16-10	53112
GOLGA8A	51863
GYPB	0
RLN1	0
IGHV3OR16-11	86748
GOLGA8B	51885
GYPC	0
PTENP1	0
RLN2	0
GUCY1A2	0
UBTFL10	0
SOX2-OT	0
NKAPP1	48806
IGHV3OR16-13	86748
RP11-24M17.4	0
UBTD1	0
GYPE	0
RP11-360K13.1	0
MOGS	0
IGHV3OR16-15	0
DDX11	0
IGHV3OR16-16	28735
CPA6	0
IGKV3-20	0
ZNF81	1032
DGCR5	0
IGHV3OR16-17	86748
RP11-170M17.1	0
CH17-262O2.2	21159
ARHGAP6	0
DGCR6	52220
IGKV2D-30	38909
SIGLEC5	3924
ASIC2	0
DHRS4	0
RP11-757F18.3	2631
ABC7-42418200C9.1	0
RP11-1000B6.5	0
GOLGA8M	0
RP11-196G18.3	0
RPS6KB1	0
TEX11	0
SPECC1L-ADORA2A	0
RP11-360P21.2	1050
CGB1	0
RP11-385D13.1	1546
RP11-1000B6.8	0
DAPL1	0
CGB2	0
RNU6-1210P	0
SMG1P1	73799
DNM1P46	0
RP11-1000B6.9	0
AHCTF1P1	399
NBPF5P	96624
IGKV2D-38	45930
CGB3	0
RP11-385D13.3	0
SMG1P2	48009
DNM1P47	11851
FGF7P3	162668
PRSS43P	0
YWHAEP7	0
SMG1P3	54574
OLMALINC	0
FLNC	0
NOTCH2	124384
RSRP1	6628
CGB5	0
ELOA3B	11450
SMG1P4	41053
EIF5AL1	0
PLCH1	4172
KRT18P10	0
HYDIN	335540
SMG1P5	48010
FGF7P6	317102
NBPF22P	0
KRT18P11	0
CGB7	0
ELOA3D	7799
TBC1D26-AS1	0
EIF5AP4	0
HSD17B7P2	0
GTF2IP13	4350
VPS13B	0
CGB8	0
SMG1P7	0
OR4G1P	11562
OR7E149P	0
RP11-32C20.1	0
LINC00115	0
RP5-998N21.7	171909
EXOC5	0
PM20D1	0
PDCD6	2487
SRP9	0
PRSS51	0
PDXDC2P	445
AC140134.2	163580
IFNL4	0
ZNF658	113033
FCGR3A	0
POLR2J2	71566
RP11-1216L17.1	51156
CD96	0
FCGR3B	0
POLR2J3	213696
FOXD4	0
BRD9P2	0
POLR2J4	0
RP11-160E2.21	163730
OR1Q1BP	187575
SLC35E2A	0
ZNF347	1091
SULT1A1	4535
MIR5701-1	316550
SLC35E2B	0
UGT2B28	0
WASIR1	0
SULT1A2	0
TVP23CP2	0
GOLGA2P10	1200
MIR5701-2	187575
AC006014.7	977
SULT1A3	31358
WASIR2	0
MIR5701-3	381993
OR11H13P	0
RP11-542D13.1	0
AC006014.8	78792
TMSB15B	65375
SULT1A4	31367
PDXDC1	13349
AMY2A	49022
H2BS1	103702
LILRB1	0
MOCOS	1050
RNU6-68P	0
AMY2B	0
LUZP2	0
BCRP2	39699
LILRB3	0
CARD8-AS1	0
LINC02890	5971
POLR3C	0
BCRP3	0
AK4P1	3411
RP11-72L22.1	0
BCRP4	0
RP11-775F1.2	36406
RFPL4AL1	0
RP11-248J18.2	0
AK4P3	3338
BTN3A2	0
ARHGAP11A	0
BTN3A3	0
RP11-1H8.1	51863
ARHGAP11B	0
XRRA1	0
ENSG10010137561.1	97352
RP11-742B18.1	1798
ROCK1	624
FOLH1	0
HTR5BP	383
DEFB104A	142258
RNU6-617P	0
DEFB104B	111828
DPY19L2P1	1382
RP11-363G10.2	36406
DHRSX	0
CCDC200	48984
RP11-1H8.4	51885
RCN1P2	0
MIPEP	0
AP000487.6	0
DPY19L2P2	0
MIR1184-1	9504
RP11-1H8.5	51863
PRH1	0
RP11-212D19.4	0
MUC5AC	2238
RP4-681L3.3	0
DPY19L2P3	0
MIR1184-2	15864
MYH9	1535
LINC01193	316550
DPY19L2P4	0
MTHFD1L	0
MIR1184-3	15870
CTC-359D24.6	0
IGKV1-8	0
CDH12	613
AP001347.6	0
FOXD4L1	0
LYPLAL1-DT	0
IGKV1-9	0
OR4M1	0
DAP3	0
OR4M2	381993
OR4Q3	0
FOXD4L3	102386
H2BC20P	26086
RP11-328P23.3	0
LINC01198	0
FOXD4L4	28223
ASB3	1014
FOXD4L5	43051
RHEBP1	96918
CACNA1B	2285
MTCO3P29	0
FOXD4L6	119952
PRR11	0
CACNA1C	0
RHEBP2	52952
ZNF322P1	4338
LRRC2	0
PCSK7	0
TUBAP8	8208
CXorf49B	39034
CYP2C19	0
TUBAP9	8108
ARHGAP21	0
RP3-323P24.3	0
OR1D4	23668
ARHGAP23	0
OR1D5	23702
KMT5A	0
CROCCP2	29099
CROCCP3	0
USP10	0
TRIM64EP	41256
CROCCP4	66131
TBC1D26	0
MYLK	0
CYP2D6	0
SMIM34A	121434
USP12	0
LNCPRESS2	0
CYP2D7	0
SMIM34B	88158
TBC1D28	0
CTD-2547E10.3	0
OR4N3BP	125000
AC083899.3	56990
ZP3	0
PRAMEF25	66168
RP11-1006G14.3	38557
CNTNAP3P2	283781
ABC14-1188822O7.1	2334
PRAMEF26	48422
AP001055.8	31033
CORO1A	31358
ABC14-1188822O7.2	2334
PRAMEF27	66168
RP11-24C14.1	0
FAM230F	3190
USP18	11366
ACKR4P1	1825
AC005077.7	0
CTD-2583A14.9	4162
KAT7P1	0
RP13-77O11.8	7899
AF011889.2	0
PPP1R2P10	0
ARHGAP23P1	28735
PRAMEF32P	38688
CH17-232I21.1	99474
SUPT20HL1	0
CYP2F2P	0
CCDC144NL-AS1	0
RNF103-CHMP3	34250
AF011889.5	1106
SUPT20HL2	0
CES1P1	9829
PDSS2	0
APEH	0
PRODH	52220
RP11-121A13.3	0
CFAP20DC	0
CELA3A	0
AKR1C1	0
CELA3B	0
PDCD6IP	0
AKR1C2	393
RP11-58A12.3	0
INAVA	2203
AC104304.4	0
CNTNAP2	0
CTC-457E21.9	0
CNTNAP3	186702
STAG3L5P	0
PI4KA	0
RP11-219A15.1	4696
RP11-104C4.6	21666
TRIM77BP	0
RP11-111F16.2	0
RP11-219A15.2	0
RP11-33N16.3	0
MFSD14B	0
RP11-440D17.1	65536
RP11-219A15.4	0
MIR1233-1	51863
MFSD14C	6943
RP11-440D17.2	65536
MIR1233-2	51885
TCAF1P1	128840
ASAH2B	0
RP11-364B14.1	0
SYT3	0
IGHV1-2	0
RAB42P1	0
C22orf42	598
RN7SKP221	69579
LINC00893	1106
LINC00894	0
LGALS9DP	0
IGKV1D-8	0
RP11-404K5.1	0
RP11-621B23.1	0
RBMS3-AS3	0
AC008268.1	0
RP11-114H20.1	36406
RP11-404K5.2	0
SGF29	0
OR4N1P	0
SYT9	1200
CES1	9829
SCAPER	0
UGT2B24P	0
RNU1-5P	0
LINC02210-CRHR1	0
OR4K8P	0
RP11-897M7.1	0
TAS2R14	0
EGFR	0
CYP4F27P	0
HS6ST1	0
AC138969.4	107512
CTD-3126B10.1	424
DTX2	0
LINC00504	0
MALL	68543
RP11-25K21.1	14849
SHLD2	0
RP11-307E17.8	0
RP11-822E23.4	0
CTD-3126B10.4	32753
TOP1P1	0
CTD-3126B10.5	32753
RBM8A	2280
ADGRL1	0
RP11-815J4.1	0
RP11-822E23.6	0
CTD-2054N24.1	0
RBM8B	2281
POM121B	0
ADTRP	0
CTD-2054N24.2	0
OR7E157P	19657
POM121C	79769
RP11-25K21.6	14819
ADGRL2	0
CRYAA	149479
CATSPER2P1	0
RP11-38L15.2	96918
AC009237.13	0
RP11-322M19.4	0
RP11-38L15.3	96918
AC009237.14	65536
AC007000.10	0
RP11-322M19.5	0
NLN	0
C5orf17	0
RBPMS	14200
OR2T34	0
OR2T35	12102
RN7SL620P	0
SLC7A5	0
ARMCX6	4680
NPAT	0
BICC1	0
YRDCP1	0
RP11-383M4.2	14568
C8orf37-AS1	0
IGKV1D-27	0
LIMS1	0
FLNC-AS1	0
PFKFB1	0
CTD-3220F14.1	0
FFAR3	0
YRDCP2	0
MED15P4	0
RP11-78B10.2	40281
LIMS3	252501
F8A1	9504
LIMS4	252410
PMCHL1	0
F8A2	15864
RP11-383M4.6	29213
PMCHL2	0
F8A3	15870
ZNF733P	75377
MED15P9	65060
ICI-14BB7.1	114724
RP11-69H14.6	381993
RP11-82O18.2	18745
MIR572	0
DPP4-DT	0
CTD-2014N11.1	0
RP11-315A19.1	15764
C7orf31	0
RP11-413E6.12	0
ZNF702P	0
CTD-2014N11.2	0
AC011330.13	0
RP11-983G14.3	125000
MTX1	0
SERPINB3	0
HS3ST2	0
CTD-2014N11.3	0
EYS	0
ENSG10010139483.1	140725
CTC-304I17.6	0
CHRNA3	0
OVOS	0
PARGP1	4912
PLEKHB2	64990
MIR4315-1	0
CDRT15	0
RP11-542C16.2	0
CCNYL3	74098
CATSPER2	43179
NADK	0
MIR4315-2	0
MRPL45P2	0
NPEPPSP1	58126
RP5-1086D14.6	0
SEC22B	4822
KAT7	0
CHRNA7	51124
AC013271.3	252501
TTC28	0
TIMM23	0
RP11-263K19.6	0
ARMC10P1	0
XXbac-BPG55C20.7	0
LINC01278	0
SNORA11D	36406
TTC29	0
AC013271.5	252501
SNORA11E	36406
LINC01238	0
AC083884.8	141734
DBF4	0
AC013271.7	252501
HECTD2	6441
RP3-465N24.5	0
TNRC18	0
KIF28P	1348
ICOSLG	52663
SIRPB1	8935
EP400P1	1023
LRRC74B	0
SEC22B2P	187571
RP11-1173K8.1	879
RP11-1330D14.1	0
RP11-383A19.1	0
RNF115	14446
SNX3P1X	0
ST6GALNAC2	0
CLUHP11	74098
SNX3P1Y	0
RP11-426C22.12	0
NUFIP1	0
IMMP2L	3149
RP1-71H19.2	0
CAMTA1	414
AC004800.1	1382
SMURF2P1	0
AC005324.8	481
RP11-105C19.2	5971
RP11-499O7.7	393
FAM246A	49190
ETDA	42270
CXorf49	39045
FAM246B	140725
SYT15	96918
RP3-401D24.1	702
RP11-1252D15.1	34236
ETDB	42219
FAM246C	0
CLEC12A-AS1	841
RP11-618K13.2	0
PDZK1	29021
SMIM11A	121434
FAM215B	148310
AC018892.3	0
PPIE	0
SMIM11B	121616
NUTM2A	15170
RPL10AP5	0
RP13-228J13.1	34055
NUTM2B	15166
H3C13	0
KIF24	0
SLC29A4	0
H3C14	26033
MIR4324	0
NUTM2D	15175
H3C15	26086
RP5-1090P18.1	0
NUTM2E	15162
KIF27	0
AC018892.8	0
RP13-228J13.5	34055
NUTM2F	6898
MTLN	47986
NUTM2G	6943
RP4-791M13.4	33654
ERBB4	1299
RP11-706O15.1	116389
RP11-69H14.10	381993
RP4-791M13.5	33654
DUXAP8	132171
U2AF1L5	135768
RP11-307N16.6	0
AHCTF1	0
IGKV3D-11	0
IQCK	16518
DUXAP9	257359
FAM21EP	0
RP1-191N21.5	12146
FAM27B	118999
H3-2	18936
SSXP5	59750
FAM27C	92227
SEMA3E	0
RP11-335G20.7	0
IGKV3D-15	0
DIXDC1	0
GRM5	0
HSPA1A	0
CENPNP1	0
KIAA2026	0
SSXP9	0
RP11-77K12.7	0
EFL1P1	0
BOLL	0
HSPA1B	0
CENPNP2	23236
TRIM43	65536
RP5-865E18.2	35459
COX10-AS1	3978
TRIM44	0
AC007078.4	0
RXFP1	0
GRM8	0
CD177	0
ANKRD18CP	4639
RNU7-115P	0
RP4-815D20.1	0
RWDD4P2	1830
SNORA22	0
GLG1	0
TRIM48	0
HAUS6	0
PIK3CA	0
ACSM2A	0
CLK3	0
TRIM49	54683
TCAF2C	48776
TPTEP2-CSNK1E	0
PSMA8	2940
ACSM2B	0
GGNBP1	1357
CTD-2144E22.5	74098
C2orf27A	1500
POTEH-AS1	132171
CTD-2144E22.6	74098
C1QTNF9B	0
HSPA1L	0
CTB-178M22.1	1461
CYP4F62P	51075
RP11-143N13.2	0
PCDH11X	6339
IL7	0
PCDH11Y	11927
RP11-189B4.8	0
RP11-847H18.2	0
RAB6C	0
H4C14	26033
LINC00665	0
RAB6D	0
H4C15	26086
CR1	40281
SSX4B	29039
NPEPPS	0
KRT16	0
RP11-259K21.6	2790
TBX20	0
RP11-439A17.10	18845
METTL2A	0
METTL2B	0
FANCD2P2	0
RP11-353J17.3	140625
ZNF814	4162
IGHV3OR16-8	53112
RP11-1396O13.23	0
RTN4IP1	0
OPN1MW	90350
CCL4	0
IGHV3OR16-9	76850
NSUN5P1	78792
RP11-353J17.5	140625
CTD-2583A14.10	0
ZIM2-AS1	0
AC026271.5	0
ANKRD36B	35219
CYP4A22	0
NSUN5P2	57942
ANKRD36C	649
TENM2	1461
GBP1P1	0
LA16c-3G11.7	132171
CRYBB2P1	0
ZNF587	0
TPT1-AS1	0
RP11-182L21.6	0
RP11-19N8.2	53112
RP11-212P7.3	0
GRAP	163730
CCDC144A	4696
CTB-31N19.2	0
OR4C7P	0
RP1-81D8.3	0
CCDC144B	4104
RP11-19N8.4	134199
FAM185A	0
NXF2B	140625
FEM1AP1	145146
DLG2	0
RP11-1195F20.7	46796
FEM1AP2	0
TAF4B	0
RP11-347C12.3	31358
LINC01933	0
RP11-347C12.4	31358
FEM1AP4	0
SLC2A3	0
PMS2CL	50217
RP11-439A17.4	18845
AC130360.8	46504
PTPRD	2253
PDE4B	0
SPANXA2-OT1	16463
AP002884.2	0
TMEM231P1	0
PDE4D	0
IGKV1-33	0
IQCF2	1743
H2AB1	9504
ODAD2	0
CFC1B	104076
RASA4B	139235
H2AB2	15864
MTDHP5	0
Metazoa_SRP	259494
RP11-439A17.9	0
H2AB3	15870
IDS	0
ANXA2	0
IGKV1-37	46186
ARMCX7P	4479
DIAPH2	0
F8	10545
RP11-345P4.10	0
CCDC171	0
IGKV1-39	46186
C4A-AS1	25688
MAGEB6B	0
GPR42	0
CTRB1	1534
ANXA8	92945
ACER2P1	0
CTRB2	1546
ERI2	1067
PTPRQ	0
CH507-152C13.4	135768
RP11-462H3.2	0
ACSM1	0
RP11-720L8.1	0
OR51A2	0
KIAA1143	0
RNU1-1	0
AF277315.13	0
MAGEB6	0
CBS	149479
CH507-152C13.5	135768
AC108938.5	252410
RNU1-2	0
CH507-152C13.6	135768
ACSM3	0
ABC8-43014700C16.1	16546
RUBCNL	0
OR51A4	0
PGM5P4-AS1	0
RNU1-3	29099
RP11-927P21.1	40978
DCBLD2	2994
RNU1-4	66131
RP11-927P21.2	40978
ACSM5	0
RP5-905H7.9	75377
RP3-365I19.2	79248
BOLA2-SMG1P6	31367
ITFG2-AS1	0
FOLH1B	0
AP001057.1	52663
EIF5A	0
HERC2P2	118380
HERC2P3	105740
RP11-90C4.1	0
RP11-927P21.7	0
HERC2P4	137374
WASHC2A	0
RP5-875O13.7	32089
ZNF849P	0
HERC2P5	134117
FKBP6	0
IGHV3-43	0
PRKG1-AS1	0
WASHC2C	448
RP11-43F13.1	0
IGKV2-30	38899
MIR3675	0
LLNLR-271E8.1	7974
HERC2P8	134199
FKBP9	0
AC004070.1	0
UBE2L3	69579
IL32	0
HERC2P9	204214
RP11-671E7.1	0
RP13-511M20.1	258600
FAM223A	35445
XXbac-B444P24.10	0
OTOGL	1650
RP11-826N14.2	0
FAM223B	35459
CCDC121P1	0
UBE2D3	0
XXbac-B444P24.13	0
KB-1125A3.10	13053
SAA2-SAA4	0
HS6ST1P1	0
RP11-826N14.7	0
IGKV2-38	46186
XAGE1A	28823
FAM66A	0
CTC-505O3.3	0
XAGE1B	28824
FAM66B	46504
ADCY10P1	1157
GOLGA6L7	0
PRAMEF29P	78556
RP11-798K23.3	0
NBPF26	208001
FAM66D	61538
MTCO1P30	0
RP11-666A8.13	0
RP11-736I24.3	0
TIMM8AP1	0
RP11-309L24.6	0
FAM66E	46796
AP000350.7	0
RP11-736I24.4	0
CWF19L2	0
AFG1L	0
RP11-736I24.5	0
RP11-423H2.1	110104
TOP3BP1	3998
TPTE2P1	0
NOX4	0
MRPL23-AS1	97352
WBP1P1	27100
RP11-400F1.2	37151
SYCE1	0
RP11-34H11.3	0
WBP1P2	72512
BX842568.4	0
RP11-478H11.3-001	1218
METTL15P1	289
GPN1	0
TPTE2P4	0
ANKRD26P1	0
THOC3	107583
RP11-423H2.5	107519
TPTE2P5	0
EIF1AX	2530
RHPN2P1	0
TPTE2P6	0
ALMS1	0
KCNH7	0
CH17-360D5.2	203605
CH17-360D5.3	203605
IGKV6D-21	0
LDOC1	16436
SPATA31B1P	0
FAHD2CP	0
CBX1P1	0
SCN8A	1905
OVOS2	0
CTD-2008A1.1	0
OR4A47	0
RP11-326C3.11	1671
IGKV2D-40	45930
AC002056.5	0
ADAM20P1	0
POTEE	64990
DNM1P50	237151
POTEF	65060
DNM1P51	0
POTEG	121430
POTEH	132171
POTEI	104076
AC006115.7	0
ZNF98	0
MXRA7	1313
RP11-326C3.17	1672
HSPBAP1	759
POTEJ	104026
RP1-274L7.4	1514
RP11-473M10.3	11961
GBAP1	0
RP1-274L7.5	0
RP11-473M10.4	11961
RP11-274B21.14	0
AC007952.4	163730
CDR2	4478
POTEM	257359
RP11-473M10.5	11880
NBPF2P	0
PRSS44P	0
FAM90A26	0
AC007952.5	163730
ORM1	0
PPP1R12B	0
ARID3BP1	0
PLG	0
AP000320.6	121434
AC007952.6	163730
ORM2	0
PNMA6A	8405
DDX11-AS1	0
MSTO2P	1501
GPR89A	52301
RNF13	0
TEX28	53830
PNMA6B	8429
CTC-264K15.5	0
SH3GL1P1	0
GPR89B	52227
MICAL3	1669
SH3GL1P2	0
RP1-163M9.7	29553
MMP25	0
RP1-163M9.8	29099
AK4	2653
ZNF665	0
RP11-20I23.5	32751
OR4G2P	5930
MMP26	0
NREP	0
RNFT1-DT	27198
AC005562.1	11514
UBE2SP1	481
RP11-20I23.6	32751
SOX6	0
ANKRD20A7P	0
NAPEPLD	0
ANKRD36P1	0
UBE2SP2	0
RP11-20I23.7	32751
RN7SL248P	96918
ANKRD20A3P	110231
COPG2	0
RP11-74E24.2	0
RP11-20I23.8	32751
CD24	0
LYPLA1	0
MTCP1	1041
MSN	0
CSPG4	0
RN7SL640P	59408
SPDYE2B	71566
AK9	0
GOLGA4	1565
ITFG1	900
MST1P2	29099
AC005522.7	0
CTB-52I2.4	0
RP11-572F4.1	0
AIDAP2	0
OR4A4P	0
AP005901.1	0
C1QTNF9-AS1	0
MTATP6P29	0
STPG2	0
H2BP1	18845
AC123886.2	252410
RNU6-388P	0
TCP11X1	140613
NCAPGP1	0
H2BP2	18936
DEFA1B	18663
TCP11X2	140625
SFI1	3096
RIMBP3B	49190
CH507-210P18.3	145134
KHDRBS2	0
CEP170P1	1287
BZW1	1693
LINC01783	0
RIMBP3C	69579
RP11-964E11.3	0
NDUFB4P5	27100
RP11-219H23.2	0
TIMM23B-AGAP6	0
NDUFB4P6	0
PDZK1P1	29022
FAM131C	0
GKAP1	2294
SCP2	0
NDUFB4P7	72512
RP11-545G3.1	2512
RNF217-AS1	0
AC018804.6	0
CTC-454I21.3	0
CTD-2270P14.2	0
DEFB105A	142258
FAM90A2P	61538
RP11-545G3.2	0
LINC02591	24987
MIR663AHG	0
CA5A	0
PSPC1P1	0
CTD-2132H18.3	0
DEFB105B	111828
RP4-738P11.3	0
DDR2	0
CA5B	1219
AC137932.4	1036
RP11-536C10.12	116791
RP4-738P11.4	0
MIR548U	0
RP11-536C10.13	116791
CTD-2132H18.5	0
ALG1L	0
CTB-61M7.1	0
RP11-345J4.3	31367
NF1P1	316550
PLGLB1	99296
TOP1	0
CTC-457L16.1	163730
RP11-345J4.4	31367
NF1P2	381993
RP11-536C10.16	116791
PLGLB2	105196
LINC02241	0
BMPR1AP1	0
AC002059.11	0
NF1P3	0
CTC-457L16.2	163730
BMPR1AP2	299
RP11-345J4.6	31367
OR4N2	109993
AC009237.2	0
DDT	13030
NF1P5	0
OTUD7A	0
LINC02203	399160
EPN2	48173
OR4N4	381993
AC009237.4	0
COL14A1	0
RP5-972B16.2	0
IGHV2OR16-5	67273
LINC00328-2P	0
GGCX	0
RP1-202O8.2	0
AC009237.5	0
LINC01128	0
GS1-594A7.5	0
ACR	0
OR4F4	7467
INTS4P1	72591
CTAGE4	76203
TLK2	0
AC138649.1	0
NF1P9	187575
INTS4P2	58225
OR4F5	28928
RP11-296I10.3	27843
LINC02249	140443
IGSF11	0
CTAGE6	104371
DGKB	1800
OR2A42	76203
TBC1D30	0
BMS1P1	115600
RP11-1289C17.1	0
BMS1P2	92945
RP11-392E22.11	0
GPAT2P1	33156
CTAGE8	120863
SPIN2A	0
BMS1P3	0
GPAT2P2	954
TUBB	0
CTAGE9	17743
SNTB1	0
SPIN2B	0
KANSL1	0
BMS1P4	0
FANCD2	0
RP11-91H12.4	107583
IGHG1	0
CA5BP1	1219
IGHG2	0
IGHG3	0
BMS1P7	203605
MYRIP	2067
RP11-497H16.9	155218
KMT2C	0
FAM90A27P	0
BMS1P8	7183
IGHG4	0
AC125634.1	79095
RNF216P1	0
PRAMEF33	0
ANKRD11P2	1692
CYP2A6	0
RP11-12I17.1	0
ANKRD30BL	0
ARL4AP2	0
CYP2A7	0
C12orf42	0
GPAT2	33110
ZNRF2P1	0
CASC19	0
XCL1	0
ARL4AP5	0
DCLRE1C	0
ZNRF2P2	0
XCL2	0
STAG3L1	78792
YTHDF2P1	0
OCLN	124611
STAG3L2	141734
TECPR2	1413
STAG3L3	57942
CTAG1A	35445
RN7SKP63	49190
CENPA	0
ZBED6	0
STAG3L4	5851
CTAG1B	35459
CTD-3105H18.14	0
RP11-231C14.10	196218
ACER2	0
CTAGE15	80064
KB-1592A4.15	39699
CTD-3105H18.16	0
OR4K15	0
CTD-3105H18.18	0
PWRN4	0
TMEM185A	29129
CNTN5	1304
CTC-428H11.2	1334
PPP1R2P4	0
SNORA74C-1	0
CYP4A22-AS1	0
SNORA74C-2	0
ZBBX	0
RGPD4-AS1	599
NUTM2A-AS1	15170
PDPK1	38347
AC018865.11	65060
RP11-195F19.31	0
RP11-482G13.1	16649
RP11-109L13.1	0
CT55	42219
RP1-302C5.4	0
HCAR2	0
PTGER4P2	0
HSD17B7	0
HCAR3	0
RP11-526D8.13	0
PTGER4P3	0
RP11-504P24.5	0
UBQLN4P1	0
RP11-122L9.1	0
RP11-272B17.3	0
RPL23AP82	7926
KB-226F1.2	13053
HNRNPA1P33	91164
CFHR1	0
RP11-1157N2__B.2	347
TDGF1	0
CFHR2	0
U2AF1	149479
TPRX1	0
RP11-22B23.1	14410
LINC00863	15175
CDC14B	0
WDR12	0
CFHR3	0
FAM86B1	61538
MRPL42	3416
RP11-22B23.2	0
TMEM38B	0
CDC14C	0
CFHR4	0
FAM86B2	24239
FAM3C	1702
GSTT2	13030
RP11-243J18.2	0
RP11-165D20.2	0
GSTT4	0
MRPL45	0
RNU1-6P	0
GS1-388B5.1	0
UGT2B25P	0
LINC00869	56317
FKBP9P1	0
RPL23AP49	0
RP11-855C21.1	0
CH17-476P10.1	13030
MPHOSPH8	0
MIR4771-1	16101
VOPP1	2436
MIR4771-2	56836
ZSWIM6	1259
NEB	30721
RP11-667F9.1	68466
SLX1A	31358
RP11-76P17.4	0
LINC00558	0
RP11-345P4.6	0
C5orf60	0
SLX1B	31367
CASTOR2	37038
ESPNP	29553
RP11-170L3.7	0
CASTOR3	0
ROPN1	0
AC000032.2	0
RP11-29H23.4	0
OR7E154P	45863
ADGRE2	0
FAHD2A	0
RP11-29H23.5	1501
ADGRE3	1048
FAHD2B	0
ZNF160	1091
MEIS3P1	0
ACTR3B	1650
RBAK-RBAKDN	0
ADGRE5	0
MEIS3P2	0
BOLA2B	31358
RP11-304L19.13	0
PLGLA	44765
ACTR3C	0
SSBP2	0
PDCD6-AHRR	2487
IGKV1D-33	0
CACNA1C-AS1	0
EVC	1660
RP4-576H24.4	8935
RAET1L	0
MEF2C	5855
NOMO1	91118
CLEC12A	841
ZNF479	0
RN7SL337P	0
NOMO2	144223
ZNF124	6604
IGKV1D-37	45930
SPECC1L	0
NOMO3	107512
IGKV1D-39	45930
RP11-486O13.4	0
GNRHR2P1	2281
RP11-486O13.5	0
DOCK9	761
DDAH1	3368
ARMC10	0
CCDC102B	1039
CTD-2510F5.6	0
ZNF734P	75476
INTS4	0
RP3-466I7.2	0
RP11-324E6.6	0
FAM86FP	0
AC079395.1	0
ATG10	0
AC017002.4	42292
AMER2	0
FAM133CP	0
PNRC2P1	0
KRT17P1	0
IFI16	0
RP11-17E2.2	0
KRT17P2	88356
RP11-616M22.5	0
OVCH1-AS1	0
OR7E96P	19643
RP11-514O12.4	0
CBSL	135768
KRT17P3	0
TVP23C-CDRT4	0
CHRNB4	0
TTC34	16148
DLGAP1	0
KRT17P4	0
PDCD6IPP1	0
CELP	0
KB-1183D5.16	49190
KRT17P5	88356
PDCD6IPP2	0
SAA1	0
RP11-21J7.1	5814
KRT17P6	76696
RP11-1212A22.9	13419
SAA2	0
HBG1	0
SPRN	0
LINC02637	96918
TRPM3	37234
RP11-467H10.1	0
RHPN2	0
KRT17P7	76696
AL163953.3	0
HBG2	0
NAIP	406346
RP11-467H10.2	299
MAGEA9B	29129
APOBEC3A	0
RP11-261C10.4	0
AF196972.3	0
APOBEC3B	0
PSG8	0
MIR3680-1	0
RP11-261C10.5	0
ARL17A	215749
LRRC37A4P	40553
MIR3680-2	0
RP11-231C14.6	0
LINC02367	0
ACRP1	0
ARL17B	197364
RP11-231C14.7	0
RP11-72I8.1	8272
PMM2	0
TRIM64B	96491
ALMS1P1	0
IGHEP1	0
SPAG11A	142258
IGLJ2	0
RP11-231C14.9	0
ANO2	0
XXbac-BPGBPG55C20.4	0
CH17-159N18.5	101772
SPAG11B	111828
IGLJ3	0
TPTEP1	0
RNF123	0
SEC22B3P	383464
SGCD	9185
TPTEP2	0
AP000347.2	0
ITGAM	0
ABCC6	107512
RP11-932O9.7	0
DMRTC1B	119256
UHRF1	1498
OR2G6	35809
AP001059.6	52663
RP11-57A19.4	71267
RP11-72M10.2	0
CH17-189H20.1	197725
PRAMEF2	0
CTD-2353N24.1	0
RP11-493K23.4	9479
AP001059.7	52663
RP11-274B21.1	0
RP11-340I6.3	75476
MIR4283-1	105703
TRGJ1	0
AC009963.3	73803
RP11-315H12.2	0
FAM247A	30716
YTHDF2	0
ANKRD36	36974
MIR4283-2	158580
TRGJ2	0
PRAMEF4	78556
AC009963.4	0
AC152010.1	36210
FAM247B	31785
FAM243A	121434
DEXI	0
RP11-72M10.5	0
PRAMEF5	38688
FAM243B	31940
GRAPL	163730
RAD51B	1238
PRAMEF6	78556
PRAMEF7	78556
XXbac-BPG254B15.11	0
RP11-115C9.1	0
MXRA7P1	1717
PRAMEF8	38688
THSD4-AS1	1685
SGPL1	0
OBP2A	0
PRAMEF9	18719
RNA5SP333	0
OBP2B	0
RNA5SP334	0
ABCC6P1	110908
NPIPA1	91118
RP11-1L5.2	1500
CLTRN	1218
ABCC6P2	0
NPSR1-AS1	0
CH507-42P11.1	103767
AC159540.14	35219
CH507-42P11.2	103767
AC004951.5	0
RP11-136K7.1	0
RP5-1048B16.1	0
SEPTIN7P13	0
RP11-514P8.6	178414
IQSEC3	0
AKNA	0
SEPTIN7P14	0
RP11-136K7.3	0
RP11-514P8.7	106848
RHOXF2	48806
PAGE2B	3656
SEPTIN7P15	21412
IGKV3D-20	0
RP11-85L21.6	42219
RP6-113J7.2	7213
FAM21FP	0
ARHGEF34P	120863
SGCZ	971
MLLT6	0
RP11-46D6.1	3795
CIITA	0
ABC7-42404400C24.1	36990
RP11-109E12.1	0
TSPAN5	3735
SPDYE1	0
PSPC1	0
SPDYE2	106848
RP11-531A21.6	0
MIR4280HG	0
TRIM50	0
UBE2D3P1	0
LGALS7	3715
RP11-109E12.5	0
FAR2P1	0
RP11-345J4.11	79376
RP11-277J24.7	0
NPHP3-ACAD11	1826
LRRC8C	354
FAR2P2	51075
OR4F17	44032
ELOA3	11450
LGALS9	0
NOTCH2NLA	183965
FAR2P3	51156
RP11-305B6.1	0
SPATA31D5P	14568
NOTCH2NLB	383464
PDE4DIP	418327
FAR2P4	0
RP11-252A24.3	0
MMP25-AS1	0
FRG1HP	122886
NOTCH2NLC	52722
RP11-109E12.9	0
RP11-514P8.10	178414
TNRC18P2	158580
RP11-541P9.3	0
TRIM16	1244
RP11-252A24.5	0
TNRC18P3	153044
FAM185BP	0
GTF2IRD2P1	114811
SNORA74	0
RP11-68E19.2	42292
LGALS7B	3650
TXNL4B	0
RP11-766N7.5	0
SNORA75	9713
NUTM2HP	0
ATP6V0E2	0
RP11-402P6.12	39034
RP11-716D19.1	41256
ALG1L9P	0
RP1-65P5.3	0
PMS2P3	3190
MST1L	66131
RP11-402P6.13	39045
RP11-517A5.5	107512
ZBTB44	269
PGM5P2	2934
RP11-513D4.3	0
PMS2P4	900
RP11-517A5.6	107512
RNU6-1239P	257359
VDAC1P3	0
RP11-517A5.7	107512
RP11-304L19.4	0
DNM1P5	0
RP1-65P5.6	0
RP11-659O3.1	1458
PGM5P4	1040
FAM153CP	0
CCDC15	0
FRMPD2B	83057
RHD	6628
CTD-2546F11.1	2487
CTC-490G23.4	0
CDK2AP2P1	0
RP11-63E5.6	0
VDAC1P6	0
TPSB2	0
CDK2AP2P2	0
RAB3C	1691
LAIR1	0
CTC-490G23.6	0
NUDT4	3101
CDK2AP2P3	0
NKAIN2	0
LAIR2	0
COX10	0
DENND10	1516
RP11-15B24.5	0
NKAIN3	0
RP11-582E3.2	0
NOTCH2NLR	208001
RP4-621F18.2	3368
ISY1-RAB43	3775
MAP2K3	0
RP11-582E3.4	0
RP11-147I3.1	0
MIR4435-2HG	151833
RP11-470P21.2	4387
TAF12	0
ZNF592	0
SNX29P1	0
RP11-400G3.5	0
PLD5P1	0
ARHGAP42P1	0
PHBP5	114811
ALG1L14P	0
GOLIM4	0
TAF15	0
RP11-848P1.9	346
SNX29P2	0
ALG1L10P	0
ARHGAP42P2	0
CH17-112A12.2	0
RRAS2P1	0
PHBP6	99474
ARHGAP42P3	222872
CTC-490E21.10	0
MIR4520-1	0
ZNF595	43125
CTC-490E21.11	0
MIR4520-2	0
KRT6A	0
ZNF596	0
CTC-490E21.12	0
KRT6B	0
KRT6C	0
AAMDC	0
BZW1P2	1693
RP11-552J9.12	59750
DNMBP-AS1	0
FAM182A	0
ZNF519	0
GTF2H2B	155218
FAM182B	0
RP11-51L5.5	0
MIR3179-1	182236
PTMAP11	0
GTF2H2C	124611
MIR3179-2	107512
PTMAP12	0
MIR3179-3	109808
RNU6-81P	0
RP11-1277A3.2	0
MIR3179-4	89319
RP11-382B18.3	237151
RP11-615J4.4	0
AC133104.2	65564
RP11-642N14.4	0
CTD-2194A8.2	0
RRP7BP	5408
AC005301.9	0
CCDC144NL	0
OR11H3P	381993
CTD-2140B24.4	0
RP11-382B18.6	237151
LINC01986	704
CTD-3162L10.1	0
CKMT1A	43179
TWF1	0
DPPA3	0
TRIM53AP	84889
SPTLC1	0
RP5-837I24.6	0
HIC2	50275
CKMT1B	58757
MIPEPP3	0
SPATA31C1	5644
DPP10	0
LINC01674	0
KLRC1	0
FAM120A	0
SPATA31C2	2820
MUC12	2139
AC084149.2	0
ZSWIM5P2	0
AC055876.1	0
KLRC2	2212
SMPD4	0
KLRC3	0
RP11-566K19.5	2550
RP11-301N24.3	1950
ROBO1	1177
SIMC1	0
SLIT3	0
GTF2IRD2B	100119
SDHDP6	0
LINC01678	72331
RP11-566K19.6	2550
KDM7A	0
ZNF585A	0
PKD1P1	107512
DPY19L1P1	0
ZNF585B	0
RP11-213B3.1	651
RP11-156P1.2	14146
PKD1P2	15885
APBA1	8631
DPY19L1P2	0
IGSF3	0
RP11-156P1.3	14146
PKD1P3	91118
APBA2	0
PKD1P4	13419
TIMM23B	0
RP11-144G6.12	205586
CH17-219N22.1	81633
PKD1P5	54904
NPY4R2	203605
RP11-144G6.13	92945
MTND3P23	0
C17orf100	0
PKD1P6	3993
ARID3B	0
CCDC146	299
ANOS1	0
LINC02449	0
PTGER4P2-CDK2AP2P2	0
RCC1L	30889
LA16c-60G3.6	222872
OR3A2	0
CTB-134H23.3	4834
TRIM49B	0
MUC5B	0
RN7SL733P	0
SRGAP2	255307
SMPD4BP	0
KB-1995A5.5	0
LA16c-60G3.8	222872
OR3A3	0
TRIM49C	28128
RP5-1022I14.2	0
LINC01019	0
RP11-73B2.7	75476
OXCT2	0
KB-1995A5.6	0
GATD3A	156027
RP11-708B6.2	1037
GATD3B	156246
AC141586.5	34867
7SK	536464
PRKG1	0
RP5-1165K10.2	0
RP11-317M11.1	0
RNU6-1178P	0
SHLD2P1	96918
SHROOM4	0
RPS15A	0
FRMPD2	83145
RSPH10B2	70287
IGKV2-40	46186
SHLD2P3	52952
ENSG00000283886	162668
POTEKP	0
FRMPD4	0
RNU6-473P	104076
RP11-77K12.10	0
RP11-561C5.4	59120
SP140L	0
ZNF815P	0
MTRF1L	2733
RP11-160N1.8	0
TEX9	0
CP	0
ZNRF2	0
SERHL2	5408
AFF3	24165
RP13-157F18.2	0
PTEN	0
CS	0
CLCN5	900
RP11-91P24.3	0
S100A11P10	59750
ERVV-1	0
ADAMTS7P1	0
RP11-286O1.1	0
RP13-1039J1.2	252410
UNC5D	1671
TMEM185AP1	29139
ERVV-2	0
ISLR2	38529
RNU6-127P	64990
RP13-1039J1.3	252410
RRN3	0
ZNF658B	130045
HNRNPH1	3388
ZC3H11A	0
RP13-1039J1.4	252410
SPIDR	0
AC011997.1	0
ZC3H11B	0
RP11-535E8.2	0
PNCK	0
CSH1	0
ELF2P4	0
ALPG	0
PDE4DIPP10	0
STARD4-AS1	0
TMEM230	0
CSH2	0
RP11-578F21.10	0
KCNE1	121434
TMEM231	0
TRHDE	0
THAP12P7	0
DIS3L2	0
GPS2	0
RP4-622E21.1	0
ODAD2P1	0
AKAP6	0
KMT5AP1	0
AC024937.4	0
RP11-19D22.1	269
KMT5AP2	0
RP11-261B23.1	140443
SP140	0
AC024937.6	0
FBXO25	0
MCUB	1748
ALPP	0
MIR550A1	0
RP11-599J14.2	0
VWF	0
GTF2IP1	99474
MIR550A2	0
GPC6	1350
MAT2A	0
CH17-264B6.5	57942
STEAP2-AS1	0
MIR550A3	0
CNOT6L	0
DHX34	1227
RP13-395E19.2	255319
UNC93A	0
GTF2IP4	162732
CTNNA2	0
RP13-395E19.3	255319
CTNNA3	0
RP11-479O16.1	1691
TMEM50A	0
CCZ1B	20070
KRBOX4	0
GGT1	0
AMYP1	76810
CTD-2643I7.4	0
CTD-2643I7.5	0
ACAD11	1826
FDPSP2	0
AC004899.3	0
DNM1P24	154265
RECQL	0
LAMA2	0
ANOS2P	0
NDUFA6-DT	5538
ZNF69	0
RP11-157G21.2	0
RP4-798C17.7	197066
PAGE2	3656
RP11-23E19.1	217350
DNM1P28	600
RP11-318K12.1	51623
IFT80	0
FDPSP7	0
ZNF630	8086
RP11-23E19.2	217350
TSPEAR	0
OR5AU1	0
GMNC	0
RP11-32B5.1	97361
LINC00174	389
RP1-224A6.11	0
ZNF674	0
ABCD1P3	21288
BCAS2P1	0
RP11-141J10.1	35990
CSPP1	0
DUXAP10	78146
FAM90A1	2550
RP11-141J10.2	35990
ANKRD18A	0
ABCD1P5	0
CTD-2126E3.4	0
BANP	0
HPS3	0
ANKRD18B	0
HPS4	0
CD163L1	0
VKORC1L1	0
ZNF322	4343
RP11-32B5.7	97361
FCGR1A	0
RP11-583F2.1	0
GBA	0
FCGR1B	0
RHOXF1-AS1	48700
DAP3P1	0
LILRP1	0
RP11-632K20.6	11401
SIK1	90704
RP11-632K20.7	81623
C1QTNF9	0
TBC1D3P1-DHX40P1	27198
RP1-66C13.4	5670
HERC2	55691
SLC6A8	0
MAGEA6-DT	47075
RP11-61N20.3	281
RNU6-389P	0
PRKRIP1	0
MBTPS2	0
AC004985.12	0
SLIT3-AS2	0
RP5-1121E10.2	0
RP11-108M9.1	0
LRRTM4	0
SPACA5	7807
RRN3P1	10358
TPSAB1	0
TRIM51JP	0
RP11-108M9.3	0
ANKUB1	0
RRN3P2	542
SPACA7	664
AC108868.3	0
HSF2BP	103702
RRN3P3	4478
KIF18A	0
CARF	0
ENTHD1	1013
RP11-536C10.20	109687
DEFB106A	142258
DEFB106B	111828
RP11-289H16.1	247534
MTCO3P40	0
RP1-14D6.13	47130
OCA2	0
MST1	0
OR7E89P	0
CH17-472G23.1	140892
CTA-246H3.13	0
PRB1	0
KIAA1586	0
RPL32P3	0
CH17-472G23.2	151826
AC099668.5	0
CTA-246H3.14	0
CMP21-97G8.1	121434
LINC02210	0
PRB2	0
NUDT4P2	183965
CMP21-97G8.2	121434
CCL4L2	0
LINC02211	703
LINC01409	0
DAB1	0
PNRC2	0
RP11-434D2.3	76696
AP000892.6	0
RHOG2P	3176
LINC02256	81623
MIR4436B1	68543
MSH6	0
PCGF7P	0
RP11-10E14.1	0
OR7E104P	11880
MIR4436B2	68574
AC009120.6	0
CSNK1G1	2700
TYW1B	308
CTD-2337A12.1	420
LINC02259	38557
ENSG10010140038.1	97352
RN7SL453P	52952
DEFA1	18689
RP11-434D2.8	76696
STAG1	0
RP11-434D2.9	76696
DEFA3	0
CYP2F1	0
ZDHHC11B	6685
SNTG2	0
TCEA1P2	1565
STAG3	0
IFNL4P1	0
CH17-260O16.1	59236
NIPA1	0
GLT8D2	0
PLD5	334
LRRC37A	197364
RN7SL422P	42115
LRRC37B	4767
SPAG6	1950
RP11-9J18.1	5144
FAM236A	119291
FAM90A28P	0
USP32	0
FAM236B	119256
CYP2B6	0
RP11-426C22.3	542
RP11-125C10.1	0
LIMS1-AS1	0
FAM236C	119291
ENSG10010137394.1	69579
DHRS4L1	0
FAM236D	119256
RP11-683L23.7	0
DHRS4L2	0
EP400	0
AMMECR1L	0
AC011513.3	0
FAM205A	0
HAUS6P3	0
PGM5P3-AS1	0
XXbac-BPG252P9.9	0
DNMT3L	52663
RNU6-162P	80064
RP11-436D23.1	0
RP11-294C11.4	125000
SMIM10L2B-AS1	43869
RP11-294C11.5	125000
RP11-96C23.5	0
TUBB8	0
RALGAPA1P1	0
CYP21A2	32605
PRAMEF30P	266
ESPN	0
CTAG2	0
AC107983.4	0
RP11-294C11.7	187575
EIF4BP3	0
TRIM60P14	0
MIR4267	68543
RNPS1	0
RP11-96C23.9	0
RP11-803D5.5	194125
ELOA3CP	7799
ECT2L	1825
EIF4BP6	0
EIF4BP7	0
PIGF	0
GCOM1	0
GCOM2	0
ULBP2	0
RP11-316I2.2	64990
RP11-296E7.1	0
RP5-1022P6.7	0
RPS9	0
NF1	3411
IGHV2-70D	0
OR2A9P	120863
RORA-AS1	298
RP11-157L3.10	0
RP11-296E7.3	0
PABPC1L2A	9479
WHAMMP2	13288
IGHE	0
PGM5-AS1	0
PABPC1L2B	9496
WHAMMP3	13270
PTPN20	121452
NLGN4X	0
RP11-681B3.4	0
NLGN4Y	0
RP11-157L3.14	72519
CTD-2015B23.2	0
PHC1P1	2166
CTD-2015B23.3	0
FAAH2	0
SYN2	1800
F13A1	0
UPK3B	2326
RP11-844P9.1	0
AC005488.11	57942
AQP12A	5924
C14orf39	2281
AQP12B	5924
RPL23AP53	0
SUSD2P2	140725
NRXN3	0
RP11-196G18.23	26086
NAMPT	0
SERF1A	218785
OR4N3P	381993
GSTM1	0
SERF1B	163580
MAPK8IP1P1	0
TDG	1368
GSTM2	0
POM121	59230
FCGR1CP	0
SSX2	59750
MAPK8IP1P2	284
TTL	0
PABPC1L2B-AS1	9496
SSX3	0
CTD-2022H16.1	0
GSTM4	0
RP11-563D10.1	5814
SSX4	29031
IGHV1-69D	0
TTN	10378
ARHGEF35	76203
CBX1	0
NAV3	0
RP5-1111F22.1	0
RP11-293F5.1	0
SLC25A1P2	75476
SSX7	0
KB-67B5.12	0
GBP1	0
CTD-2145A24.5	0
DBF4P1	0
ASAH2	0
RP11-317N12.1	0
ZXDA	0
ZNF440	0
CDRT1	302
ZXDB	0
RP11-431O23.1	34236
MYO5BP1	5138
ZNF443	0
ZNF799	0
RP11-113C3.2	187575
FAM86C1P	0
MYO5BP2	5128
RP11-158I13.2	0
SMN1	218785
U52111.14	0
RP11-65D24.2	15026
MYO5BP3	0
OR2T11	12102
IGKV1D-42	0
SMN2	163580
COMMD4	0
USP17L1	46504
IGKV1D-43	0
USP17L2	0
CLEC17A	0
ITGB1	1048
STEAP1	0
USP17L3	46796
GNRHR2	2280
STEAP2	0
USP17L4	46504
AC017074.1	0
CFAP47	0
ACSM5P1	0
USP17L7	0
DEFB4A	142258
USP17L8	46796
DEFB4B	111828
DKK2	1458
RP11-346J10.2	3584
NUDT4B	383464
ZNF75D	42270
EIF1AXP1	2536
PARP11	0
RP1-101K10.6	2733
FAM86KP	0
SVIL	0
RBM17P1	59408
HPR	0
FAM27E3	118999
RBM17P2	172015
RP11-109D20.1	0
RBM17P3	283187
KCNMB3	0
ENSG10010139266.1	49190
FAM27E5	0
RP11-109D20.2	0
SAV1	0
TMEM230P2	0
FAM133DP	1313
RP11-5P18.10	0
RNGTT	0
CH17-128G5.1	144180
CTD-2224J9.7	0
H2AC18	26033
GK3P	0
CTD-2224J9.8	0
RP11-551L14.7	0
H2AC19	26086
OR7E97P	0
RP11-344N17.12	29039
RP11-356C4.3	14076
RP11-160C18.2	0
RP11-463C14.1	0
CTD-3157E16.1	0
LINC02371	0
STK19B	32605
RP11-640N20.4	0
CTD-3157E16.2	0
OR8B2	0
NPSR1	0
SIRPA	0
RP11-640N20.5	0
ULK4P1	255319
OR8B3	0
RP11-432B6.3	0
TUBBP1	0
DPY19L1	0
RP11-640N20.6	4778
KCNJ12	0
ULK4P2	237151
DPY19L2	1034
LYRM2	0
RP11-397A15.4	1348
CTD-2349P21.7	0
RP13-608F4.5	15271
ULK4P3	50120
LINC01257	0
HYDIN2	427133
RP11-640N20.8	4778
SUZ12	0
MRTFB	0
RP11-225B17.1	0
ABCD1	0
MAGEA2B	47130
RP11-313I2.6	54683
TUBBP5	0
MUC20P1	0
OR2T2	12093
LINC01219	97352
OR2T3	0
UPK3BP1	2326
UPK3BL1	71566
AC007326.10	0
VWFP1	0
KCNJ18	0
AC005838.2	0
TRIM49D1	96491
UPK3BL2	106848
OR2T5	35809
AC007326.11	52220
TRIM49D2	11380
SEC22B4P	183965
CXorf51A	21000
IGLC2	0
RP11-419I17.1	0
OR2T7	0
RP11-111H13.1	0
CXorf51B	21000
IGLC3	0
AC007326.13	52220
CTD-2008P7.11	0
CPNE4	0
RP11-1379J22.5	3391
DUOX1	0
AC092667.2	0
AP001056.1	31033
CARD8	0
DUOX2	0
ANKRD44	0
RP11-1379J22.7	0
SERHL	5400
TIMM8A	0
BCAR1	0
CACNA2D3	3397
TRGC1	0
TDGF1P3	0
RP4-669P10.16	2769
AP000344.4	1032
NSFP1	197364
TRGC2	0
KB-7G2.8	0
SNX29	0
IQUB	0
KB-7G2.9	0
SNHG16	0
RP11-508N22.11	0
ADAM21	0
HNRNPCL1	0
PGPEP1L	0
HNRNPCL2	0
HNRNPCL3	66168
FAM87A	0
H2BC18	0
HNRNPCL4	48422
FAM87B	0
AC023274.4	154265
RP11-202I11.2	0
TNFRSF21	0
CSAG2	47130
RP11-20I23.10	32751
CPEB3	1083
DHFR	2938
AKR1B10	0
CSAG3	47075
TAF1	3183
ATRN	1539
RP11-20I23.11	32751
RP11-302M6.4	354
CSAG4	0
DGCR6L	0
USP6	0
RP11-20I23.13	32751
ANXA8L1	91164
RP11-792A8.5	0
RP11-324F21.1	0
RP11-481N16.1	1262
AKR1B15	0
HMGB1P10	0
CRYBB2	0
RP1-37N7.1	23373
NPY4R	91164
OR2A20P	76203
FAM25A	0
ATAD3A	1025
RP11-351I21.6	0
RMND5A	34250
HMGB1P11	0
ATAD3B	1025
RP11-351I21.7	0
LSM12P1	1671
MBD5	0
CTC-326K19.6	0
ERVK13-1	521
RP11-529A4.10	41256
FAM25C	203605
ATAD3C	0
TMEM167A	0
PDE4DIPP1	18622
GRK3	0
RP1-37N7.5	23373
RAB42	0
PDE4DIPP2	286125
FCGBP	22041
RP11-793G16.4	121352
TRIM61	0
RAB43	3775
NECTIN2	0
RP1-37N7.7	23373
RP11-1250I15.1	0
PDE4DIPP4	45130
RDM1P1	0
PARP4	0
RP11-819M15.1	0
FAM25G	92945
LHFPL3	0
RP11-1250I15.2	0
PDE4DIPP5	21159
RDM1P2	43733
RP11-819M15.2	0
TRIM64	84889
RP11-529A4.15	84889
OR4C13	0
RP11-40F6.1	0
ANKRD36BP2	0
RP11-529A4.16	84889
PDE4DIPP7	56317
RDM1P4	40978
RP11-989E6.13	0
PLA2G10	18745
RP11-392A14.11	0
PDE4DIPP8	0
TCAF2P1	104371
TTTY10	0
RP11-597A11.11	231117
RP11-110C8.1	0
AC110781.3	0
PDE4DIPP9	0
PAPPA2	0
RP11-344N17.8	0
RFPL4A	0
MIR512-1	0
RAB43P1	3795
RP11-344N17.9	0
MIR512-2	0
LINC00910	1067
TRIM69	0
SEPTIN7P2	0
