name	haplotype	freq	log10_freq
h001	1 1 0/0 1/1 1/1 1/1 0/0 1/1 0/0 1/1 1/1	0.026720647773279354	-1.5731530177177968
h002	0 1 1/1 0/0 0/0 0/0 0/1 1/1 0/0 0/0 1/1	0.0024291497975708503	-2.614545702876022
h003	1 1 1/1 1/1 0/0 0/0 0/0 1/1 0/0 0/0 1/1	0.03724696356275304	-1.4289091259141102
h004	1 1 1/1 1/1 0/0 0/0 0/0 1/1 0/1 1/1 1/1	0.012955465587044534	-1.8875469749397595
h005	0 0 0/1 0/1 0/1 0/1 0/0 0/0 0/0 0/0 1/1	0.0032388663967611335	-2.489606966267722
h006	1 1 1/1 1/1 0/0 0/0 0/0 1/1 0/0 1/1 1/1	0.06639676113360324	-1.1778531052119678
h007	0 0 0/1 0/0 0/0 0/0 0/0 0/1 0/0 0/0 0/1	0.04048582995951417	-1.3926969532596656
h008	1 1 1/1 1/1 1/1 1/1 1/1 1/1 1/1 1/1 1/1	0.631578947368421	-0.19957235490520414
h009	1 1 0/0 0/0 1/1 1/1 0/0 1/1 0/0 1/1 1/1	0.011336032388663968	-1.9455389219174464
h010	0 1 0/1 0/0 0/0 0/0 0/0 0/1 0/0 0/0 0/1	0.005668016194331984	-2.2465689175814276
h011	1 1 0/1 1/1 1/1 1/1 0/1 1/1 0/1 1/1 1/1	0.0008097165991902834	-3.0916669575956846
h012	0 1 1/1 0/0 0/0 0/0 0/1 1/1 0/0 0/0 0/1	0.0032388663967611335	-2.489606966267722
h013	1 1 1/1 1/1 0/0 0/0 0/0 1/1 1/1 1/1 1/1	0.0008097165991902834	-3.0916669575956846
h014	1 1 1/1 1/1 0/0 0/0 0/0 1/1 0/0 0/1 1/1	0.0016194331983805667	-2.7906369619317033
h015	0 1 0/1 0/0 0/0 0/0 0/0 0/1 0/0 0/0 1/1	0.0008097165991902834	-3.0916669575956846
h016	0 0 0/0 0/1 0/1 0/1 0/0 0/0 0/0 0/0 1/1	0.0008097165991902834	-3.0916669575956846
h017	0 1 0/1 0/0 0/0 0/0 0/0 1/1 0/0 0/0 0/1	0.0008097165991902834	-3.0916669575956846
h018	0 1 0/1 0/0 0/0 0/0 0/0 0/0 0/0 0/0 0/1	0.0032388663967611335	-2.489606966267722
h019	1 1 0/1 1/1 0/1 0/1 0/0 1/1 0/0 0/1 1/1	0.0024291497975708503	-2.614545702876022
h020	0 1 0/0 0/0 0/0 0/0 0/0 0/1 0/0 0/0 0/1	0.0016194331983805667	-2.7906369619317033
h021	0 0 0/1 0/1 0/1 0/1 0/0 0/1 0/0 1/1 1/1	0.0016194331983805667	-2.7906369619317033
h022	0 1 0/0 0/0 0/0 0/0 0/0 0/1 0/0 0/0 1/1	0.0008097165991902834	-3.0916669575956846
h023	0 0 0/1 0/0 0/1 0/1 0/0 0/0 0/0 0/0 1/1	0.0008097165991902834	-3.0916669575956846
h024	0 0 0/1 0/0 0/0 0/1 0/0 0/0 0/0 0/0 1/1	0.0008097165991902834	-3.0916669575956846
h025	1 1 1/1 1/1 1/1 0/0 0/0 1/1 0/0 1/1 1/1	0.0008097165991902834	-3.0916669575956846
h026	0 0 0/1 0/1 0/0 0/0 0/0 0/0 0/0 0/0 1/1	0.0008097165991902834	-3.0916669575956846
h027	1 1 1/1 1/1 0/0 0/1 0/0 1/1 0/0 1/1 1/1	0.0008097165991902834	-3.0916669575956846
h028	1 1 1/1 1/1 0/1 0/1 0/0 1/1 0/0 0/0 1/1	0.0016194331983805667	-2.7906369619317033
h029	1 1 0/0 0/0 1/1 0/0 0/0 1/1 0/0 0/1 1/1	0.0016194331983805667	-2.7906369619317033
h030	0 0 1/1 0/0 0/0 0/0 0/0 0/1 0/0 0/0 0/1	0.0072874493927125505	-2.1374244481563593
h031	0 0 0/1 0/0 0/0 0/0 0/0 0/1 0/0 0/0 1/1	0.010526315789473684	-1.9777236052888476
h032	1 1 1/1 1/1 0/0 0/1 0/0 1/1 0/0 0/0 1/1	0.0008097165991902834	-3.0916669575956846
h033	0 0 0/0 0/1 0/1 1/1 0/0 0/1 0/0 0/0 1/1	0.0008097165991902834	-3.0916669575956846
h034	0 1 0/1 0/0 0/0 0/0 0/0 0/0 0/0 0/0 1/1	0.0008097165991902834	-3.0916669575956846
h035	0 0 0/1 0/1 0/1 1/1 0/0 0/1 0/0 0/0 1/1	0.0008097165991902834	-3.0916669575956846
h036	0 1 0/0 1/1 1/1 1/1 0/0 1/1 0/0 1/1 1/1	0.0008097165991902834	-3.0916669575956846
h037	0 1 1/1 0/0 0/0 0/0 0/0 1/1 0/0 0/0 0/1	0.0032388663967611335	-2.489606966267722
h038	1 1 1/1 1/1 1/1 0/0 0/0 1/1 0/0 0/1 1/1	0.0008097165991902834	-3.0916669575956846
h039	0 1 0/0 0/0 0/0 0/0 0/0 1/1 0/0 0/0 0/1	0.0016194331983805667	-2.7906369619317033
h040	1 1 0/0 0/0 1/1 0/0 0/0 1/1 0/0 0/0 1/1	0.0008097165991902834	-3.0916669575956846
h041	0 0 0/0 0/0 0/0 0/0 0/0 0/1 0/0 0/0 0/1	0.008097165991902834	-2.0916669575956846
h042	0 0 0/0 0/0 0/0 0/0 0/0 0/0 0/0 0/0 0/1	0.0016194331983805667	-2.7906369619317033
h043	1 1 0/0 0/1 1/1 1/1 0/1 1/1 0/1 1/1 1/1	0.011336032388663968	-1.9455389219174464
h044	0 0 0/1 0/0 0/0 0/0 0/0 0/0 0/0 0/0 0/1	0.008906882591093117	-2.0502742724374596
h045	1 1 0/0 0/0 1/1 1/1 0/1 1/1 0/1 1/1 1/1	0.0072874493927125505	-2.1374244481563593
h046	0 0 0/0 0/0 0/0 0/0 0/0 0/0 0/0 0/0 0/0	0.006477732793522267	-2.188576970603741
h047	1 1 0/0 0/1 1/1 1/1 0/0 1/1 0/0 1/1 1/1	0.0008097165991902834	-3.0916669575956846
h048	1 1 1/1 0/1 1/1 1/1 1/1 1/1 1/1 1/1 1/1	0.0008097165991902834	-3.0916669575956846
h049	0 0 0/0 0/0 0/0 0/0 0/0 1/1 0/0 0/0 0/1	0.01700404858299595	-1.769447662861765
h050	0 0 0/0 0/0 0/0 0/0 0/0 0/1 0/0 0/0 0/0	0.012145748987854251	-1.915575698540003
h051	1 1 0/0 1/1 1/1 1/1 0/1 1/1 0/1 1/1 1/1	0.0008097165991902834	-3.0916669575956846
h052	0 0 0/1 0/0 0/0 0/0 0/0 1/1 0/0 0/0 0/1	0.0032388663967611335	-2.489606966267722
h053	0 0 0/0 0/0 0/0 0/0 0/0 1/1 0/0 0/0 0/0	0.0032388663967611335	-2.489606966267722
h054	1 1 0/0 0/0 1/1 1/1 0/0 1/1 0/1 1/1 1/1	0.0008097165991902834	-3.0916669575956846
h055	0 0 0/0 1/1 0/0 0/0 0/0 1/1 0/0 0/0 0/1	0.0008097165991902834	-3.0916669575956846
h056	1 0 0/1 0/0 0/0 0/0 0/0 1/1 0/0 0/0 0/1	0.0016194331983805667	-2.7906369619317033
h057	0 0 0/1 0/0 0/0 0/0 0/0 1/1 0/0 0/0 1/1	0.0016194331983805667	-2.7906369619317033
h058	0 0 0/0 0/1 1/1 1/1 0/1 1/1 0/1 1/1 1/1	0.0008097165991902834	-3.0916669575956846
h059	0 0 0/1 0/0 0/0 0/0 0/0 0/0 0/0 0/0 1/1	0.004048582995951417	-2.392696953259666
h060	0 0 1/1 0/0 0/0 0/0 0/0 1/1 0/0 0/0 0/1	0.0008097165991902834	-3.0916669575956846
h061	0 0 0/0 0/0 0/0 0/0 0/0 1/1 0/0 0/0 1/1	0.0008097165991902834	-3.0916669575956846
h062	0 0 0/0 0/0 0/0 0/0 0/0 0/1 0/0 0/0 1/1	0.005668016194331984	-2.2465689175814276
h063	0 0 1/1 0/0 0/0 0/0 0/0 0/0 0/0 0/0 0/1	0.0016194331983805667	-2.7906369619317033
h064	0 0 1/1 0/0 0/0 0/0 0/0 0/1 0/0 0/0 1/1	0.0024291497975708503	-2.614545702876022
h065	0 0 0/0 0/0 0/0 0/0 0/0 0/0 0/0 0/0 1/1	0.0016194331983805667	-2.7906369619317033
h066	0 0 1/1 0/0 0/0 0/0 0/0 0/0 0/0 0/0 1/1	0.0008097165991902834	-3.0916669575956846
h067	0 0 0/1 0/1 0/1 0/1 0/1 0/1 0/1 1/1 1/1	0.0008097165991902834	-3.0916669575956846
h068	1 1 0/0 1/1 1/1 1/1 0/0 1/1 0/1 1/1 1/1	0.0016194331983805667	-2.7906369619317033
